{
  "json-c": 2.8667186498641968,
  "libARMavlink": 2.7907928228378296,
  "libfutils": 2.391727089881897,
  "libh264": 2.7506827116012573,
  "libmediacodec-wrapper": 1.3425607681274414,
  "libmp4": 3.019665837287903,
  "libmux": 3.4643900394439697,
  "libpomp": 5.27721893787384,
  "Alchemy": 1.5747640132904053,
  "apps_tools": 20.820952653884888,
  "dragon_build": 9.109886169433594,
  "arsdk-ng": 2.5198378562927246,
  "libvideo-streaming": 1.825038194656372,
  "logger": 3.916246175765991,
  "lz4": 1.524049997329712,
  "mavlink": 1.4285259246826172,
  "olympe-deps": 2.8121185302734375,
  "python-native": 2.5752010345458984,
  "ulog": 1.9841538667678833,
  "groundsdk-android": 2.907527446746826,
  "libtar": 5.519132852554321,
  "libvideo-buffers": 20.334468483924866,
  "libvideo-decode": 1.304388165473938,
  "libvideo-metadata": 1.9738167524337769,
  "olympe-product": 1.8710285425186157,
  "pdraw-product": 2.965141773223877,
  "libpuf": 68.34276568889618,
  "librtp": 1.9952681064605713,
  "librtsp": 1.421349048614502,
  "libsdp": 7.107510209083557,
  "groundsdk-ios": 80.14843702316284,
  "olympe": 6.5674238204956055,
  "pdraw": 1.8779577016830444,
  "groundsdk-product": 1.5831286907196045,
  "arsdk-xml": 1.1836971044540405,
  "ctypeslib": 2.486372709274292,
  "eigen": 2.615774631500244,
  "ffmpeg": 909.3100062012672
}